place_id,place_name,address,lat,lon,n_reviews,n_negatif,n_positif,sentimen_mayoritas,avg_prob_neg,avg_prob_pos,ringkasan_ulasan,contoh_ulasan,prop_negatif,prop_positif,reliability,marker_radius,status_spatial
ChIJS5GJB4VeZS4R6dh2FlymV-0,Mi Ayam Pak Wanto Purwokerto,"Jl. Pramuka No.18, Kongsen, Purwokerto Kulon, Kec. Purwokerto Sel., Kabupaten Banyumas, Jawa Tengah 53141, Indonesia",-7.429113799999996,109.24458050000003,231,27,204,Positif,0.14974789321422577,0.850252091884613,"rasa enak/gurih, tempat nyaman/bersih, porsi kurang","&bull; Mie ne ora benyek, pas di lidah, rasa maknyuuzz harga terjangkau<br>&bull; Pesen mie ayam dan sawi bumbu biar banyak sayur.. minta nambah kuah karena bumbunya masih asin..<br>&bull; Mie ayam legend… murah meriah enakk… harga 12rb",0.1169,0.8831,Tinggi,24.0,Positif
ChIJIa6A2JheZS4RGBaxKksbR4Q,Mie Ayam Mbak Kimun,"Jl. Jend. Sudirman No.895, Pejagalan, Purwokerto Wetan, Kec. Purwokerto Tim., Kabupaten Banyumas, Jawa Tengah 53147, Indonesia",-7.4310969999999985,109.2564693,220,52,168,Positif,0.2459087073802948,0.7540913224220276,"rasa enak/gurih, tempat nyaman/bersih, pelayanan lama/kurang","&bull; Mie Gopalanya Enakkkkkk<br>&bull; Salah satu pilihan mie ayam di Purwokerto yang wajib dikunjungi.. Es teh jangan lupa Kie ayam kriuk...<br>&bull; Mie ayam goreng (Mieago) paling enak di sini, untuk pelayanan dan suasana biasa saja tidak ada yang spesial.",0.2364,0.7636,Tinggi,24.0,Positif
ChIJ53Cyt5JeZS4RayuyzojgXQ0,Mie Ayam dan Bakso Tunggal Rasa,"Jl. Prof. Dr. Suharso No.12, Glempang, Bancarkembar, Kec. Purwokerto Utara, Kabupaten Banyumas, Jawa Tengah 53115, Indonesia",-7.417195600000001,109.2461375,218,35,183,Positif,0.1905258297920227,0.8094741106033325,"rasa enak/gurih, tempat nyaman/bersih, pelayanan ramah/cepat",&bull; Mie Ayam 🐔 yang sudah lama jadi langganan rasanya nggak diragukan lagi<br>&bull; Rasanya mantap<br>&bull; rasanya pas,0.1606,0.8394,Tinggi,24.0,Positif
ChIJ0Q3VP-JfZS4Rjk32_oSzwZk,Mie Ayam Nyak Dien,"Jl. Prof. Dr. Suharso, Arcawinangun, Kec. Purwokerto Tim., Kabupaten Banyumas, Jawa Tengah 53114, Indonesia",-7.417760799999997,109.25332940000001,217,36,181,Positif,0.2016696333885193,0.7983303666114807,"rasa enak/gurih, tempat nyaman/bersih, pelayanan ramah/cepat","&bull; Mienya kenyal dan nggak lembek, pas banget. Ayamnya juga lumayan banyak, bumbunya gurih ada manis-manis dikit. Pelayanannya juga cepat dan ramah, h...<br>&bull; Dari pertama datang, aromanya aja udah menggoda. Mienya kenyal, dimasak pas, terus topping ayamnya gurih manis dengan bumbu rendang yang meresap sa...<br>&bull; mie ayam nyak dien purwokerto betol betol recommended. rasa mie ayamnya enak, mienya kenyal kenyul, gurih, porsinya pas, dan topping ayamnya melimp...",0.1659,0.8341,Tinggi,24.0,Positif
ChIJpRcwbhtfZS4R_Y_ak1-Y7I0,Mie Ayam Pak Marso,"Jl. Mardikenya, Brubahan, Purwanegara, Kec. Purwokerto Utara, Kabupaten Banyumas, Jawa Tengah 53116, Indonesia",-7.423968000000001,109.23604299999998,208,22,186,Positif,0.15081289410591125,0.8491871356964111,"rasa enak/gurih, tempat nyaman/bersih, harga terjangkau","&bull; salah satu mie ayam enak di pwt yang recommended buat dicoba. yang bikin enak itu sambalnya, ngga ada di tempat lain. lumayan ramai dan penuh di ja...<br>&bull; pelayanannya cepet, enak mie ayamnya, kecil² tipis gtu bentuk mienya, tp porsinya jumbo dengan harga yg murah<br>&bull; porsi nya jumbo bikin kenyang rasa mantul, harga pas di kantong",0.1058,0.8942,Tinggi,24.0,Positif
ChIJfU3hcQBfZS4RoMdOpibRv4w,Bakso dan Mie Ayam Ceker Pak Sariman Purwokerto,"Jl. Perintis Kemerdekaan Jl. Sidanegara II No.18, Penisian, Purwokerto Kulon, Kec. Purwokerto Sel., Kabupaten Banyumas, Jawa Tengah 53141, Indonesia",-7.4335718,109.24020360000002,172,7,165,Positif,0.08344705402851105,0.9165529012680054,"rasa enak/gurih, tempat nyaman/bersih, pelayanan ramah/cepat","&bull; rasa nya pas gurih, enak bangetttt bestt pokoknya, untuk pelayanan nya mungkin bisa lebih ditingkatkan lagi<br>&bull; kesini 3x jam makan siang tapi 3x juga menu yang di pesan ngga ada semua. kalo ngga ada mending ga usah ditulis dimenu. mau ganti yg lain katanya s...<br>&bull; pelayanan ramah, banyak promo menarik yang menguntungkan WAJIB DI COBA!",0.0407,0.9593,Tinggi,24.0,Positif
ChIJGdD29LZfZS4RBVENDLZTXtA,Mie Ayam Kita (spesial Rendang),"Jl. Riyanto, RT.002/RW.001, Sumampir Wetan, Sumampir, Kec. Purwokerto Utara, Kabupaten Banyumas, Jawa Tengah 53125, Indonesia",-7.399537400000001,109.240713,161,16,145,Positif,0.12830854952335358,0.8716914057731628,"rasa enak/gurih, tempat nyaman/bersih, harga terjangkau","&bull; Nyam nyamm... enak, harga nya lumayan murah<br>&bull; Selama di Purwokerto baru Mie Ayam ini sih yang sesuai sama lidah aku😭🫶 Bumbunya rich dan tipe kuahnya kental. Mau pesen balungan 2 porsi kata mas...<br>&bull; Payah bgt udah ke sini bbrp kali, semalam ke sini tekstur sambalnya macam Air di kasih saus = encer pollllll, lebih parahnya lagi saya dan teman ma...",0.0994,0.9006,Tinggi,24.0,Positif
ChIJMx4q4l1eZS4RGNd03NSpQHU,Mie Ayam Tanjlig,"H6MH+CQJ, Karangjengkol, Sokanegara, Kec. Purwokerto Tim., Kabupaten Banyumas, Jawa Tengah 53131, Indonesia",-7.416409200000002,109.22940250000003,122,17,105,Positif,0.1684868037700653,0.8315131664276123,"rasa enak/gurih, tempat nyaman/bersih, porsi banyak","&bull; Mantap baksonya kresss waktu di gigit. Mie ayamnya enak<br>&bull; Salah satu mie ayam terenak di Purwokerto Tips makan mie ayamnya jangan terlalu banyak saus agar rasa mie ayamnya lwbih terasa bumbunya<br>&bull; Kalo anda baca ini, cobain mie ayam + baksonya cuy… pastikan kondisi perut anda kosong ya, karena porsinya kusus buat orang-orang yang punya porsi...",0.1393,0.8607,Tinggi,24.0,Positif
ChIJfyxZtoleZS4RsyrM1NbW5NI,Dapoer Prambanan,"Jl. Merdeka No.10, Brubahan, Kranji, Kec. Purwokerto Tim., Kabupaten Banyumas, Jawa Tengah 53116, Indonesia",-7.425954200000002,109.23717689999997,113,26,87,Positif,0.2569809556007385,0.7430190443992615,"rasa enak/gurih, tempat nyaman/bersih, pelayanan ramah/cepat","&bull; Gak lg lah cukup sekali aja,,emg dtngny udh mlm cmn kn yg namanya layanan hrsny tetep baik<br>&bull; Beberapa kali makan di sini, recomended untuk rasa nya. Harga standar, tempat cukup nyaman.<br>&bull; Luas nyaman enak estetik",0.2301,0.7699,Tinggi,24.0,Positif
ChIJB_I_rGJeZS4R6N3Mbln0T6c,Mie Ayam Tipar,"H6FP+429, Jl. Kolonel Sugiono, Kranjimuntang, Purwanegara, Kec. Purwokerto Utara, Kabupaten Banyumas, Jawa Tengah 53116, Indonesia",-7.427217,109.2351073,112,21,91,Positif,0.21648076176643372,0.7835192084312439,"rasa enak/gurih, tempat nyaman/bersih, porsi kurang","&bull; Maap saya fokus ke sampah bawah tangga & kandang burung didalam rumahnya<br>&bull; rasanya b aja harga sangat mahal<br>&bull; Penasaran karna katanya mie ayam yg enak di purwokerto Beneran enaaakk, suka karna bukan tipe mie ayam yg medok kecap. Rasanya lbh ke gurih, ayamny...",0.1875,0.8125,Tinggi,24.0,Positif
ChIJVYgdb59eZS4RZbAhrAhUrWw,Bakmi Nyemek Bu TRIMO,"Jl. Jend. Sudirman, Karanganyar, Berkoh, Kec. Purwokerto Sel., Kabupaten Banyumas, Jawa Tengah 53147, Indonesia",-7.433213499999997,109.25849419999997,92,14,78,Positif,0.18512678146362305,0.8148731589317322,"rasa enak/gurih, tempat nyaman/bersih, pelayanan ramah/cepat","&bull; Salah satu bakmi Nyemek favorite<br>&bull; Bumbunya berasa dan bukan tipikal ngecap banget, tipikal masakan Jawa dan ciri khas mienya pipih...kalo suka pedes nampol mantap bener2 cabai plus...<br>&bull; Rasa biasa, nunggu masakan agak lama, harga utk kalangan biasa berat.",0.1522,0.8478,Tinggi,24.0,Positif
ChIJqRL3DIleZS4RDQJ21bDXlmw,Mie Ayam Ijo Bpk. Sabar,"Brubahan, Purwanegara, Kec. Purwokerto Utara, Kabupaten Banyumas, Jawa Tengah 53116, Indonesia",-7.4235896,109.23911039999999,88,16,72,Positif,0.2113971710205078,0.7886028289794922,"rasa enak/gurih, harga terjangkau, porsi kurang","&bull; Enak ini Mampir sini ada 2 pilihan mie yaitu standar dan ijo Rasanya mantep banget, ini tipikal mie kecil dan rasa ayam nya manis. Tingkat kematang...<br>&bull; Enak...sayang tempatnya kurang jyaman<br>&bull; Mie Ayam Hijau yang kalo disantap mengenyangkan. Dari rasa dan tampilan kuahnya tebakan saya menganut mazhab Wonogirian. Kuah cenderung coklat, ken...",0.1818,0.8182,Tinggi,24.0,Positif
ChIJYUE1GiBfZS4RDlww2YMt828,Bakso Gendut Putro,"H7C3+X2W, Jl. Jend. Sudirman, Purwokerto Wetan, Kec. Purwokerto Tim., Kabupaten Banyumas, Jawa Tengah 53147, Indonesia",-7.427505200000003,109.25256529999994,86,17,69,Positif,0.22662566602230072,0.7733743190765381,"rasa enak/gurih, tempat nyaman/bersih, pelayanan ramah/cepat","&bull; kurang ramah<br>&bull; Seger semua bahan bahannya, enakkk<br>&bull; Tempat cuci tangan harus ada Min dan bersih.",0.1977,0.8023,Tinggi,24.0,Positif
ChIJZzpAJKheZS4RXLexgMyRGdM,Mie Ayam Pojok Lapang,"H77F+P7X, Gg. Puteran 1, Kedungkidang, Pamijen, Kec. Sokaraja, Kabupaten Banyumas, Jawa Tengah 53181, Indonesia",-7.4356344000000005,109.27323210000002,85,13,72,Positif,0.18380723893642426,0.8161928057670593,"rasa enak/gurih, harga terjangkau, pelayanan lama/kurang","&bull; udah langganan dari warung masih di gubug kecil sampe sekarang buka di rumah, kalau lewat situ pasti mampir,mie ayamnya mantap sekali, ngangenin 👍<br>&bull; makanannya enak, mienya pas, tapi pelayanan lamaa, hampir 1 jam menunggu..<br>&bull; Rasa Mie Ayamnya Biasa saja. Untuk Mie Ayam Cekernya masih ada kuku di kaki ayamnya. Jadi tidak Napsu makan. Tempatnya Sempit dan Panas",0.1529,0.8471,Tinggi,24.0,Positif
ChIJOV0RGZleZS4Rj7dTbbBYfYA,Mie Ayam Deddy,"H794+W9H, Jl. Jend. Sudirman, Sokayasa, Purwokerto Wetan, Kec. Purwokerto Tim., Kabupaten Banyumas, Jawa Tengah 53147, Indonesia",-7.430193400000002,109.25597819999999,81,8,73,Positif,0.13774241507053375,0.8622575998306274,"rasa enak/gurih, tempat nyaman/bersih, porsi kurang","&bull; Porsinya banyak, mienya enak bangetttt.. Langganan dari jaman kuliah di kalibakal.<br>&bull; Mienya kecil2..aku sukaa Rasane ga lebay..passs Sambele enak Saoese juga enak ga kucel Porsine pass buatku yg ga suka mie kebanyakan Hayuk beliii<br>&bull; Enak tp kurang gurih aja kuahnya",0.0988,0.9012,Tinggi,24.0,Positif
ChIJv9G7nPpeZS4RKgj_2u8M4E0,Mie Ayam Pak Kumis,"JL. H.R Bunyamin No.47, Glempang, Bancarkembar, Kec. Purwokerto Utara, Kabupaten Banyumas, Jawa Tengah 53121, Indonesia",-7.412019299999999,109.2451626,79,18,61,Positif,0.2557479441165924,0.74425208568573,"rasa enak/gurih, tempat nyaman/bersih, harga mahal","&bull; overall enak dan selalu langganan 👍🏼<br>&bull; overall enak dan pelayanan cepat, selalu langganan<br>&bull; The food is tasty and budget friendly.",0.2278,0.7722,Tinggi,24.0,Positif
ChIJeReySyhfZS4R5d6VJEY8Qj8,MieAgo,"Jl. Perdamaian Dusun Dampit, RT.02/RW.08, Dusun I, Dukuhwaluh, Kec. Kembaran, Kabupaten Banyumas, Jawa Tengah 53182, Indonesia",-7.408296800000001,109.2749709,75,13,62,Positif,0.21947158873081207,0.7805283665657043,"rasa enak/gurih, tempat nyaman/bersih, pelayanan ramah/cepat","&bull; Pertama kali dl ke mie ago mangkok pangsit dukuhwaluh Kesanny baik bagus n enak mie nya... Naaah Hari inih makan lagi nieh Mank bner² mantap rasa m...<br>&bull; Makanan enak, rasa yg mie ayam goreng manis pedas, yg kuah asin gurih... 👍<br>&bull; Di maps tertulis ""mie ago tutup sementara"" Mungkin kemarin sempat libur lebaran belum distel ulang, tp pas k outletnya Alhamdulillah sudah BUKA lag...",0.1733,0.8267,Tinggi,24.0,Positif
ChIJU2LAnzFcZS4R2IzdxnmMrBE,"Mie Ayam ""We-Tan""2","Jl. Kyai H. Wahid Hasim, Windusara, Karangklesem, Kec. Purwokerto Sel., Kabupaten Banyumas, Jawa Tengah 53144, Indonesia",-7.4502033999999995,109.24290610000001,73,24,49,Positif,0.34784793853759766,0.6521520614624023,"rasa enak/gurih, tempat nyaman/bersih, pelayanan ramah/cepat",&bull; otra buena comida<br>&bull; Makanannya enak sih cuman pelayanannya kurang ramah senyum<br>&bull; Tolong itu kang parkirnya bayar 2rb ngga mundurin sama nyebrangin Mana lngsung ditinggal pergi enak bgt cuma minta uang,0.3288,0.6712,Tinggi,23.796808239698567,Positif
ChIJj6EmYPxeZS4RA5PV1GAcTXQ,Mie Ayam Pak Kumis Asli Bumiayu,"Jl. Riyanto No.16, Sumampir Wetan, Pabuaran, Kec. Purwokerto Utara, Kabupaten Banyumas, Jawa Tengah 53125, Indonesia",-7.400219300000002,109.24451569999998,73,27,46,Positif,0.3902111351490021,0.6097887754440308,"rasa enak/gurih, tempat nyaman/bersih, harga mahal","&bull; Iseng cari d tiktok. Secara rasa enak. Cuma kurang baso aja. Karena kalau pribadi saya suka bgt mie ayam plus baso<br>&bull; harga mahal tapi estehnya kaya ga pake gula, gaada tisu di meja<br>&bull; Coba makan mie nya aja tanpa toping ayam nya lebih enak, toping nya ga enak blass.. itu yg perlu diperbaiki sih.",0.3699,0.6301,Tinggi,23.796808239698567,Positif
ChIJNSW0vkVeZS4R6_6pAtOusAs,Mie Ayam Anjatan Pak Kusman,"Jl. Kamandaka, Dusun II, Karangsalam Kidul, Kec. Kedungbanteng, Kabupaten Banyumas, Jawa Tengah 53152, Indonesia",-7.409269100000002,109.21759170000003,71,17,54,Positif,0.2725009024143219,0.7274991273880005,"rasa enak/gurih, harga terjangkau, pelayanan ramah/cepat","&bull; mie ayamnya enak bumbunya juga rasa,kasih ayamnya juga ga pelit pelit😍<br>&bull; EDIT. ngaco ini siapa yang ngedit nama tempatnya, harusnya titik ini tempat mie ayam kamandaka kenapa jadi mie ayam yang sebelahnya? saya belum per...<br>&bull; Sebelah mie ayam kamandaka. Harga mie ayam 10ribu, Bakso 15ribu, Soto Ayam 12ribu. Nyoba Mie ayamnya aja, porsi dan ayamnya lumayan banyak, cuma ay...",0.2394,0.7606,Tinggi,23.53752950098799,Positif
ChIJa6GahYteZS4RaQ0aDfJqT5s,Mie Ayam Pak Gimin,"Jl. Jatiwinangun Gg. Arjuna No.21, Kebondalem, Purwokerto Lor, Kec. Purwokerto Tim., Kabupaten Banyumas, Jawa Tengah 53116, Indonesia",-7.41966,109.2412438,65,9,56,Positif,0.1605316400527954,0.8394683003425598,"rasa enak/gurih, pelayanan ramah/cepat, harga terjangkau","&bull; Enak, harga sesuai dengan porsi, asli bikin kenyang, mba²nya jga ramah<br>&bull; Kaya udah ga ada orang yang jual mi ayam lagi di kota Purwokerto, kalo pengen mi ayam sudah pasti ke pak Gimin<br>&bull; Rasa mienya enak, teh nya juga segar. Mantaappp",0.1385,0.8615,Tinggi,22.736967046256808,Positif
ChIJiZRwRYleZS4RUiPMwpOVhO4,Mie Ayam Mame,"H6GR+R8R, Jl. Adhyaksa I, Brubahan, Purwanegara, Kec. Purwokerto Utara, Kabupaten Banyumas, Jawa Tengah 53116, Indonesia",-7.422884800000002,109.24076700000003,63,17,46,Positif,0.2808131277561188,0.7191869020462036,"rasa enak/gurih, porsi kurang, tempat nyaman/bersih","&bull; Siki bukak ora mas?<br>&bull; Rasanya ta seenak dulu Tapi masih tetep enak si Cuma agak beda saja rasanya dengan yang dulu, menurut lidahku.<br>&bull; Rekomended pisan mie ayam ini hanya buka pagi hari jangan sampai telat dengan citarasa kaldu yang medok pisan dan mie bentukannya kecil kenyal dan...",0.2698,0.7302,Tinggi,22.4619586530263,Positif
ChIJgSryGE5fZS4R45F-Elk9_Ss,Mie Ayam wonogiri Pak Bothak Purwokerto,"Jl. A Jaelani No.31, RT.3/RW.02, Karangwangkal, Kec. Purwokerto Utara, Kabupaten Banyumas, Jawa Tengah 53123, Indonesia",-7.4041367,109.25583299999998,57,2,55,Positif,0.0779227688908577,0.9220772385597229,"rasa enak/gurih, harga terjangkau, pelayanan ramah/cepat","&bull; mie ayam e enak, harga terjangkau, suasana nyaman<br>&bull; mie nya mantaaap<br>&bull; Mantul... bumbunya ayam banget... tampilan menggugah selera porsi jg pas banget... harga merakyat... bakal jadi mie ayam favorite ni...",0.0351,0.9649,Tinggi,21.60963575759565,Positif
ChIJj8aiVPNeZS4R0bct3tnGvOE,Mie Jogja Pak Karso Purwokerto,"Jl. Dr. Angka No.75, Glempang, Bancarkembar, Kec. Purwokerto Utara, Kabupaten Banyumas, Jawa Tengah 53114, Indonesia",-7.416812900000002,109.24202549999997,54,7,47,Positif,0.16925525665283203,0.8307446837425232,"rasa enak/gurih, tempat nyaman/bersih, pelayanan ramah/cepat","&bull; Mie gorengnya enak, mienya kenyal, rasanya pas di lidah<br>&bull; pas hujan jd agak terhambat lumayan enak sih<br>&bull; Mie rebusnya enak... Kuahnya sueeegeerrr...",0.1296,0.8704,Tinggi,21.166632302368978,Positif
ChIJabBj1B9fZS4RIw6Vh9Nfvhg,Mie Ayam & Bakso WE-TAN,"Jl. Senopati, Arcawinangun, Kec. Purwokerto Tim., Kabupaten Banyumas, Jawa Tengah 53113, Indonesia",-7.415789300000002,109.2637874,51,14,37,Positif,0.28671780228614807,0.7132821083068848,"rasa enak/gurih, tempat nyaman/bersih, pelayanan ramah/cepat","&bull; Mie ayam yang sangat enak. Semangkok mie ayam berisi: mie, sawi, ayam, dan kuah. Mienya kenyal dan lembut, ayamnya dapat banyak dan rasanya enak. K...<br>&bull; Sambelnya kecut (asem) Porsi cukup Baksonya biasa saja Karyawanya sibuk megang HP semua (kaya males).<br>&bull; Porsinya banyak, rasanya enak, pelayanannya cepat",0.2745,0.7255,Tinggi,20.71114254279427,Positif
ChIJQdmGTABfZS4Rp973u3B7qPU,"Mie Ayam Racikan Ibu Purwokerto ( Enak, Bar-bar & Higienis )","Jl. Jend. Gatot Subroto No.23, Pesayangan, Kedungwuluh, Kec. Purwokerto Bar., Kabupaten Banyumas, Jawa Tengah 53131, Indonesia",-7.4194958,109.22901329999999,50,5,45,Positif,0.14097627997398376,0.8590237498283386,"rasa enak/gurih, pelayanan ramah/cepat, pelayanan lama/kurang","&bull; Pelayanan yg leled pelayanan nya mengecewakan padahl udah langganan tp baru ini bikin eneg banget , harusnya udah di siapin bahan""nya kalo kiranya...<br>&bull; Mie ayam Racikan Ibu recommended banget, tekstur mie nya kenyal, pelayanan ramah dan toppingnya banyak, ga pelit. Cocok banget ngemil mie ayam mala...<br>&bull; Porsinya besar satu mangkuk penuh, sawinya banyak... pake bumbu kacang, Ayamnya bumbu manis, cocok bagi yang suka manis2 kecap, kalo penyuka yammie...",0.1,0.9,Tinggi,20.556349186104047,Positif
ChIJxxmZcGNeZS4RS62Jvdy-imI,Bakso Kota Cak Man,"H6FJ+M3J, Pereng, Sokanegara, Kec. Purwokerto Tim., Kabupaten Banyumas, Jawa Tengah 53116, Indonesia",-7.425781599999999,109.23012839999997,42,15,27,Positif,0.3670268654823303,0.6329731941223145,"rasa enak/gurih, pelayanan ramah/cepat, pelayanan lama/kurang","&bull; Baksonya sedep enak dan ada paket biar lebih mudah pesennya<br>&bull; Bakso khas Malang yang letaknya di lantai 1 Rita Supermall. Tersedia aneka varian bakso dari urat, daging, telur puyuh, udang, pangsit dan lainnya....<br>&bull; Enak Harga terjangkau Kuah nya seger banget Bnyak pilihan isi baksonya Selamat menikmati",0.3571,0.6429,Tinggi,19.257629536497294,Positif
ChIJE9ooQplfZS4R0KhixkXXF5k,Mie Ayam Pak Toro,"Jl. Yosodarmo No.25-29, Pesayangan, Kedungwuluh, Kec. Purwokerto Bar., Kabupaten Banyumas, Jawa Tengah 53131, Indonesia",-7.422320899999999,109.228104,42,4,38,Positif,0.1260785311460495,0.8739215135574341,"rasa enak/gurih, harga terjangkau, tempat nyaman/bersih","&bull; Mie ayam bumiayu, enak, wajib di coba. Rasa sih otentik ya. Dengan free refil teh, dan daun bawang. Untuk ceker2 free yaa.<br>&bull; Mie Ayam khas bumiayu dengan porsi mie kering kenyal dan toping ayam melimpah harga relatif murah 1 porsi 13rb ada aneka minuman es dan hangat dan...<br>&bull; Salah satu mie ayam langganan, tipe mie ayam bumiayu yang nagih",0.0952,0.9048,Tinggi,19.257629536497294,Positif
ChIJyZziJwBfZS4RaVGrMMov8U8,Soto Kayu Bakar Pak Man,"Jl. Brigjend. Encung, Karanganjing, Bancarkembar, Kec. Purwokerto Utara, Kabupaten Banyumas, Jawa Tengah 53127, Indonesia",-7.408088000000002,109.2355553,42,3,39,Positif,0.11295660585165024,0.8870433568954468,"rasa enak/gurih, harga terjangkau, pelayanan ramah/cepat","&bull; Soto kau bakar , enak bgt ini murah meriah menunya banyak aneka gorengan goreng dadakan yg masih anget anget , soto harga 5rb paket nasi ayam udh p...<br>&bull; Uweenak suegeer....Dapur Kemebul dalam arti sebenarnya lauknya bervariasi cocok banget utk sarapan yang porsi kecil...Juoss<br>&bull; Soto kuah bening, kuah ny sedep ngaldu, ada 2 ukuran mangkok kecil dan ukuran jumbo, harga bersahabat. Ada aneka gorengan, bakso tusuk goreng, telu...",0.0714,0.9286,Tinggi,19.257629536497294,Positif
ChIJsSo_3-lfZS4RIQS6AuCzD_o,"Mie Ayam 88 (Mie Ayam, Mie Bakso, Bebek Goreng, Ayam Goreng)","Jl. Bayangkara, RT.06/RW.06, Purwokerto, Kranji, Kec. Purwokerto Tim., Kabupaten Banyumas, Jawa Tengah 53116, Indonesia",-7.421687500000001,109.23643749999998,41,3,38,Positif,0.11330028623342514,0.8866997957229614,"rasa enak/gurih, harga terjangkau, tempat nyaman/bersih","&bull; Menjual mie ayam, bakso, bebek goreng. Berlokasi di sebrang Sat Reskrim Polresta Banyumas. Mie ayamnya enak, hampir semua bahan dibuat sendiri. Kal...<br>&bull; Mie ayamnya enak, tempatnya lumayan nyaman, harganya cocok di kantong, apalagi datenh pas dapet diskon, mie ayam+es teh cuma 10k, murah banget kan,...<br>&bull; makanannya enak dan dijamin halal, tempatnya juga strategi karena dekat dengan sekolahan, pelayanan nya juga ramah. untuk harga dijamin sesuai kant...",0.0732,0.9268,Tinggi,19.086873322352268,Positif
ChIJj1q6AABfZS4Rvtk_us-3YMM,Yamien Ajong / Mie Ayam Ajong,"H6FV+CGG, Jl. Jendral Suprapto, Kebondalem, Purwokerto Lor, Kec. Purwokerto Tim., Kabupaten Banyumas, Jawa Tengah 53114, Indonesia",-7.4264498,109.2438204,40,5,35,Positif,0.1361604928970337,0.8638395071029663,"rasa enak/gurih, pelayanan ramah/cepat, pelayanan lama/kurang","&bull; Sayangnya bukanya sore jelang malam. Gk ada niatan buka siang di jam makan siang kah?<br>&bull; Mienya enak, Overall oke, Dan koko penjualnya ramah sekali, Hidden gem bgt bakmi di purwokerto.. Bakal balik lg kalo ke purwokerto..<br>&bull; Uenak! Apalagi di sambut dengan hangat! Layanan yang sempurna!!",0.125,0.875,Tinggi,18.914021704740872,Positif
ChIJBfJ16YH1by4Rn_lQ6ZYk4D8,Mie Ayam Kamandaka,"J6XP+FJH, Jalan Raya, Dusun I, Rempoah, Baturaden, Banyumas Regency, Central Java 53151, Indonesia",-7.3513208999999975,109.23662060000004,31,6,25,Positif,0.22975096106529236,0.7702489495277405,"rasa enak/gurih, tempat nyaman/bersih, rasa kurang cocok","&bull; pesen mie ayam ceker, gaada cekernya<br>&bull; Enak, jg servisnya ramah. Tapi sanitasinya 👎👎👎👎👎. Wastafel airnya dikit, gak ada sabun. Owner-nya gak notice kebersihan kah?<br>&bull; enak 🤝🏻 pecinta mie ayam wajib coba",0.1935,0.8065,Tinggi,17.24908159822605,Positif
ChIJlQaFUmxfZS4RqlctDf7hLJs,Mie Ayam Kamandaka,"H6R8+7XG, Jl. Kamandaka, Dusun II, Bobosan, Kec. Kedungbanteng, Kabupaten Banyumas, Jawa Tengah 53152, Indonesia",-7.409301,109.21745229999999,29,8,21,Positif,0.28381505608558655,0.7161850333213806,"rasa enak/gurih, tempat nyaman/bersih, pelayanan ramah/cepat","&bull; Enak porsi banyak tapi yang difoto engga habis wkwk<br>&bull; mie ayam yg ngasih ayamnya gak pelit, ditambah topping juga jadi tambah mantap, dan yg jadi ciri khas dari dulu yaitu ada taburan kacang yg bisa di...<br>&bull; Mienya kecil tapi enak jarang jarang ada mie ayam pakai mie kecil asli ini enaknya mie nya, sudah 2 kali mampir selalu ramai",0.2759,0.7241,Tinggi,16.84736257569591,Positif
ChIJtUXrGaJfZS4RFdjb2lc6kXs,Mie Ayam Mas Mul Gendut,"Jl. Komisaris Bambang Suprapto, Cigrobak, Purwokerto Lor, Kec. Purwokerto Tim., Kab. Banyumas, Jawa Tengah 53111, Indonesia",-7.4232472,109.25045480000001,26,2,24,Positif,0.10915779322385788,0.8908421993255615,"rasa enak/gurih, tempat nyaman/bersih, pelayanan ramah/cepat","&bull; mie ayamnyaa enaakk tipe gurih sedikit manis balance bumbunya, spt tipe mie jadul mienya tipis, lembut, kenyal, porsi pass. mantapp 👍👍<br>&bull; Ijolan Karo Sega goreng..🤣<br>&bull; Mie ayam enak, gurih dan tidak terlalu blaget. Sesuai selera. Porsi buanyakkkk dan tidak bikin enek. Mie nya masak e pas dan Memang ada ciri khas s...",0.0769,0.9231,Tinggi,16.217842929904126,Positif
ChIJB-nKSMlfZS4RnfE9X3-t5xM,Mie Ayam Lampung Khas Bangka Purwokerto,"Jl. Jend. Gatot Subroto, Kedungter Lor, Kedunguter, Kec. Purwokerto Bar., Kabupaten Banyumas, Jawa Tengah 53131, Indonesia",-7.419053299999999,109.2271083,25,0,25,Positif,0.04717007279396057,0.9528299570083618,"rasa enak/gurih, tempat nyaman/bersih, pelayanan ramah/cepat","&bull; Mie nya enak dan cocok di lidah. Om Supri (penjual) juga ramah. Satu lagi, jadi tempat kopdar dadakan untuk Komunitas Suzuki Splash Banyumas Raya....<br>&bull; Mie ayam lampung sangat kenyal dan lembut mie nya rasa sangat nendang dilidah cuman sayang gak ada telor lo nya biar lebih lengkap<br>&bull; Keren",0.0,1.0,Tinggi,16.0,Positif
ChIJOdxaQABfZS4RytI26xveqYQ,Mie Ayam Lik Itis,"Jl. Mayjend. Sutoyo, Sawangan, Kedungwuluh, Kec. Purwokerto Bar., Kabupaten Banyumas, Jawa Tengah 53131, Indonesia",-7.4285429999999995,109.2265822,25,3,22,Positif,0.16678352653980255,0.8332164287567139,"rasa enak/gurih, porsi kurang, pelayanan ramah/cepat","&bull; Pertama kali kesini karena rekomen teman, kaget karena emang se-tersembunyi itu tempatnya. Masuk gang yg cm muat 1 motor, kalau bawa mobil bisa tap...<br>&bull; Beberapa bulan lalu nyobain mie ayam ini kaget dan ngga nyangka kalo tempatnya masuk ke gang kecil yang cuman bisa dilewati satu motor aja. Tapi ka...<br>&bull; Pertama kali makan di sini sama orang² kantor, diajakin & ditraktir sama bos 😁 Sumpah ya, ini lokasinya hidden banget, sampai sempet ada yang nyasa...",0.12,0.88,Tinggi,16.0,Positif
ChIJqdm23VxfZS4RiZGEgPsPodg,Mie Ayam Ma-Dyang,"Jl. Martadireja 1 No.798, Kejawar, Arcawinangun, Kec. Purwokerto Tim., Kabupaten Banyumas, Jawa Tengah 53113, Indonesia",-7.4207155,109.25956390000002,22,7,15,Positif,0.28977832198143005,0.7102217078208923,"rasa enak/gurih, rasa kurang cocok, tempat nyaman/bersih",&bull; Mienya uenak banget<br>&bull; Suasananya kurang begitu ramai<br>&bull; Porsinya kurang banyak..,0.3182,0.6818,Tinggi,15.318914671611546,Positif
ChIJW-DIciNfZS4RSEZl3D7lAlg,MIE AYAM 99 KEBONDALEM PURWOKERTO,"H6GV+HG7, Jl. Jendral Suprapto, Kebondalem, Purwokerto Lor, Kec. Purwokerto Tim., Kabupaten Banyumas, Jawa Tengah 53114, Indonesia",-7.423582399999997,109.24378740000003,21,8,13,Positif,0.41707271337509155,0.5829272866249084,"rasa enak/gurih, harga terjangkau, pelayanan lama/kurang","&bull; Porsi & rasanya sudah berubah nggak seperti dulu lagi...melayani pembeli juga terlihat kurang ramah, jualan emang capek tapi nggak gitu juga bro......<br>&bull; Ini kapan jualan lagi atau pindah kemana deh ya?<br>&bull; Mie nya gepeng, tipikal rasa ringan gurih jdi ngga medok, porsi pas, harga 12.000 Saya yg suka rasa medok, untuk mie ayam ini menurut saya kurang.",0.381,0.619,Tinggi,15.081666528902849,Positif
ChIJyZ0USbVdZS4RvlFU5NeBgSs,Mie Ayam Kriuk Purwokerto,"Jl. Samparangin No.14, RT.02/RW.01, Tasari, Teluk, Kec. Purwokerto Sel., Kabupaten Banyumas, Jawa Tengah 53145, Indonesia",-7.4447847000000005,109.24913169999999,21,2,19,Positif,0.13368557393550873,0.8663144111633301,"rasa enak/gurih, pelayanan lama/kurang, harga terjangkau","&bull; Rasa enak, soft dan ngena di lidah, Tempat nyaman, Saran datang sore hari supaya teduh<br>&bull; Tipe mie keriting, harga murah, rasanya enak. Cuma syang kipas anginnya kurang aja sih buat ditempatnya yg menurutku cukup panas<br>&bull; Mie ayam enak, porsi pas, harga bersahabat",0.0952,0.9048,Tinggi,15.081666528902849,Positif
ChIJ0fWOQadfZS4RfUVxFIg2dm4,"Mie Ayam dan Bakso Pak Man ""Mixagrip""","Jl. Perintis Kemerdekaan No.1362, RT.002/RW.6, Penisian, Purwokerto Kulon, Kec. Purwokerto Sel., Kabupaten Banyumas, Jawa Tengah 53141, Indonesia",-7.433970600000001,109.24009070000002,21,4,17,Positif,0.18932273983955383,0.8106772303581238,"rasa enak/gurih, porsi banyak, pelayanan ramah/cepat","&bull; Harus pesen Mie ayam ricanya,rasanya pas banget menurutku nggak perlu tambahan kecap/saos lagi udah tambah enak dari topi rica nya<br>&bull; Mie ayam rica cocok kalau pas hujan.. anget di badan..<br>&bull; 1st impresi, porsi besar.. kuahnya cenderung manis sebelum dikasih apa-apa. kalo udah dicampur kuah rica, sambel jadi mantep siii. Ada dominan mani...",0.1905,0.8095,Tinggi,15.081666528902849,Positif
ChIJp_wwQKBfZS4RV7XK2JRJcHk,Mie Ayam Gajah Mungkur (Pasar Burung),"H69V+M8V, Karangbawang, Purwokerto Kulon, Kec. Purwokerto Sel., Kabupaten Banyumas, Jawa Tengah 53141, Indonesia",-7.430810799999999,109.24340739999998,20,4,16,Positif,0.22315852344036102,0.7768415212631226,"rasa enak/gurih, pelayanan ramah/cepat, porsi banyak","&bull; Sesuai judul warungnya. Ini yang kebanyakan orang bilang Mie Ayam Wonogirian. Beda banget rasanya dengan yang betebaranbdi Purwokerto dengan aliran...<br>&bull; toping lengkap . enak mie ayam nya<br>&bull; enakkk, porsinya banyakk",0.2,0.8,Tinggi,14.838699100999076,Positif
ChIJRT95RJdoZS4RIrznTozLKl4,Bakso & Mie Ayam NONI,"Jl. Raya Kedungwringin, Tunjung Wetan, Tunjung, Kec. Jatilawang, Kabupaten Banyumas, Jawa Tengah 53174, Indonesia",-7.5364664999999995,109.12150430000001,19,3,16,Positif,0.17123837769031525,0.8287615776062012,"rasa enak/gurih, harga terjangkau, pelayanan lama/kurang","&bull; PELAYANAN NYA LAMA, baksonya keasinan dan kebanyakan tepung, udah nunggu lama, itu posisinya rame, trs yang diutamain malah yang dibawa pulang, trs...<br>&bull; SEBENERNYA NILAI B4 JUGA KARENA MAKANNYA SAMA DIA AJA SI. Saran aja tolong dikasih menu dan harganya, waktu kesini ga ada itu soalnya agak bingung....<br>&bull; Bakso nya semakin enak dan mantap, kuah nikmat, tetelan mantap, Harga bersahabat, tempat nyaman n bersih, si ibunya juga ramah",0.1579,0.8421,Sedang,14.589577675789483,Positif
ChIJf6RKFwBfZS4RQ4JhUuIU32c,Mie Ayam Rendang N3,"H5MX+7RV, Dusun II, Pasir Kulon, Kec. Karanglewas, Kabupaten Banyumas, Jawa Tengah 53161, Indonesia",-7.4167708999999995,109.1995474,19,1,18,Positif,0.10434892028570175,0.8956511616706848,"rasa enak/gurih, harga terjangkau, pelayanan ramah/cepat","&bull; Tadi niatnya cuma mau cari makan siang biasa, eh malah salfok sama menu Mie Ayam Rendang. Awalnya skeptis kan, emang nyambung? Tapi pas suapan pert...<br>&bull; Rendang banget! 💥 Mie ayam khas dengan bumbu rendang otentik yang kental dan pedas gurih. Bikin nagih, aroma rempahnya juara! 🤤🍜<br>&bull; Rasa mantab, enak, owner ramah, penyajian cepat...",0.0526,0.9474,Sedang,14.589577675789483,Positif
ChIJOzb3zKpfZS4R1wc_iOX0PMo,Bakso Tetelan 161,"Jl. Bobosan Barat No.Perempatan, Karangjambu, Purwanegara, Kec. Purwokerto Utara, Kabupaten Banyumas, Jawa Tengah 53127, Indonesia",-7.4075786,109.2304534,16,2,14,Positif,0.1499166190624237,0.8500833511352539,"rasa enak/gurih, harga terjangkau, pelayanan ramah/cepat","&bull; Tempatnya nyaman,sayangnya sepi gak ada suasana musik dan tempatnya agak gelap perlu ditambah lampu lagi.<br>&bull; Udah lama penasaran sama mie ayam ini. Keliatan sepi tapi ternyata rasanya enak bgt 🤤 Ini tipikal mie yang setengah mateng. Kebetulan aku suka yang...<br>&bull; mi ayam favoritt, soalnyaa ada chili oilnya, baksonya juga enakk",0.125,0.875,Sedang,13.8,Positif
ChIJAy5VJ2FeZS4R8vYZbOf7EQA,"Mie Ayam ""Ti Tasik""","Jl. Jend. Gatot Subroto No.47, Karangjengkol, Sokanegara, Kec. Purwokerto Tim., Kabupaten Banyumas, Jawa Tengah 53115, Indonesia",-7.4198261,109.2307849,16,4,12,Positif,0.2595771849155426,0.7404228448867798,"rasa enak/gurih, tempat nyaman/bersih, harga terjangkau","&bull; Rasa mie nya enak sepertinya buatan sendiri, namun untuk rasa ayamnya standar. Bumbunya gurih enak tipikal mie yg kuahnya bening. Mie nya ngenyangi...<br>&bull; Sudah ngga enak mie Ayam baksonya, ngga seenak dulu. Dulu ada sambal buatan Ci Tasik yg sangat enak, sekarang cuma saus botol biasa. Baksonya juga...<br>&bull; Gak ada kecap, gak ada sambel, mi nya Hanya dikasih saos jd kek kecut gitu. Perlu di upgrade siih rasanya dan ayamnya gak berasa",0.25,0.75,Sedang,13.8,Positif
ChIJo0sLItJfZS4Rk_4lG-WN4iM,Mie ayam kaisar,"Jl. Dr. Angka, Karangjengkol, Sokanegara, Kec. Purwokerto Tim., Kabupaten Banyumas, Jawa Tengah 53115, Indonesia",-7.415882,109.2326629,16,1,15,Positif,0.07204225659370422,0.9279577732086182,"rasa enak/gurih, harga terjangkau, tempat nyaman/bersih","&bull; Asli enak klo ini sih Pangsit kuahnya joss gandos.. 👍👍👍<br>&bull; Pangsit dan mie ayamnya enak<br>&bull; Mienya enak lembut untuk pangsit nya isian sedikit daging dan daun bawang, overall enak recomended, harga terjangkau, pelayanan ramah 😊",0.0625,0.9375,Sedang,13.8,Positif
ChIJWdPwXI5eZS4R8k5JnzEHKFE,Bakmi Nyemek Andi,"Jl. Komisaris Bambang Suprapto No.15, Cigrobak, Purwokerto Lor, Kec. Purwokerto Tim., Kabupaten Banyumas, Jawa Tengah 53114, Indonesia",-7.4233205999999985,109.24511370000002,13,3,10,Positif,0.2254989743232727,0.7745010852813721,"rasa enak/gurih, rasa kurang cocok, pelayanan ramah/cepat","&bull; 20 tahun berlalu, porsi masih sama. JUMBO. Harga bersahabat. Dulu kadang mampir malam-malam pesan nasgor abis maen di Unsoed kalau kelaparan. Kali...<br>&bull; mi nya enak tapi jadi trauma makan disini helm ilang dicuri orang🙃<br>&bull; Langganan dari dulu. Rasa & porsinya mantapp",0.2308,0.7692,Sedang,12.932212806020777,Positif
ChIJWX5yCjhfZS4RqCDeesIcflg,Mie Ayam Bumiayu Pak Tomo,"Jl. Jend. Gatot Subroto No.102, Brubahan, Purwokerto Lor, Kec. Purwokerto Tim., Kabupaten Banyumas, Jawa Tengah 53116, Indonesia",-7.4224605,109.23948769999998,12,2,10,Positif,0.2410421222448349,0.7589579224586487,"rasa enak/gurih, harga terjangkau, pelayanan lama/kurang","&bull; Sangat cocok untuk pecinta Mie Ayam Manis. Tekstur mie nya pipih dan lembut, topping Ayam nya juga enak, btw bapaknya produksi sendiri mie nya pake...<br>&bull; ENAK BGTTTT!!!!! mienya pipih fav aku bgttt😭🫶🏼 bapaknya seru enak diajak ngobrol, dan beneran asli bumiayu soalnya tiap hari pp :)) Lokasi : masuk...<br>&bull; Suka mie nya kecil tipis/pipih enak menurut lidahku ya Sudah lama jadi pelanggan mi nya pak tomo org ya ramah lucu",0.1667,0.8333,Sedang,12.621023553303061,Positif
ChIJ6xQiVZBgZS4R1Q25e3l1yrc,Mie Ayam Kang Sururi,"Jl. Balai Desa Langgongsari No.Desa, Dusun II, Langgongsari, Kec. Cilongok, Kabupaten Banyumas, Jawa Tengah 53162, Indonesia",-7.412107500000001,109.1733545,12,1,11,Positif,0.11285565048456192,0.8871443867683411,"rasa enak/gurih, pelayanan ramah/cepat, tempat nyaman/bersih",&bull; Tempat nya bersih dan nyaman<br>&bull; Tempat mudah dijangkau. Jalan alternatif Pemda. Hanya beberapa ratus meter dari jalur akses provinsi. Untuk rasa boleh diadu. Porsinya full semangk...<br>&bull; Makanannya enak Pelayanam juga puas Suasana pas juga,0.0833,0.9167,Sedang,12.621023553303061,Positif
ChIJncU2HsRfZS4Rj_9NKzPuOPU,Mie Ayam Goar,"Sebelah toko besi paku mas, Jl. Vihara Jl. Pasar Wage No.4, Purwokerto Wetan, Kec. Purwokerto Tim., Kabupaten Banyumas, Jawa Tengah 53136, Indonesia",-7.4260842,109.2493904,8,2,6,Positif,0.27481263875961304,0.7251873016357422,"rasa enak/gurih, harga terjangkau, pelayanan ramah/cepat","&bull; Mie ayam nya enak Murah pas dikantong Tempat bersih Pelayanan bagus Rasa tidak mengecewakan<br>&bull; Wenak tenann sing ora mampir fix arogan<br>&bull; mie ayam yami dan yummy,mantap✅⭐️⭐️⭐️⭐️⭐️",0.25,0.75,Sedang,11.22253967444162,Positif
ChIJZyfDRm5fZS4RdgCJLSPfTtk,Bakso dan Mie Ayam Pak Kisman,"Jl. Tanjlig No.12, Karangjengkol, Sokanegara, Kec. Purwokerto Tim., Kabupaten Banyumas, Jawa Tengah 53131, Indonesia",-7.416400000000001,109.22933109999998,7,2,5,Positif,0.28386929631233215,0.7161306738853455,"rasa enak/gurih, pelayanan lama/kurang, tempat nyaman/bersih","&bull; Mie ayamnya enak, beda dari kebanyakan mie ayam pwt yang ada bumbu kacangnya. Next mau cobain baksonyaa<br>&bull; Kebetulan kesini di jam makan siang, tenpatnya kursinya gak banyak jadi gak bisa duduk lama lama. Pelayananya lumayan lama juga, mungkin faktor ram...<br>&bull; Mencoba mie ayam bakso tetelan, secara rasa umum, tempat di dalam kurang nyaman karena panas, yang tidak terbiasa dengan rokok tidak disarankan, ka...",0.2857,0.7143,Sedang,10.820652884342099,Positif
ChIJ3XH_bvJfZS4R42f7iBDXzoY,Mie Ayam Bangka Oey,"H6PQ+C25, Jl. Karang Kobar, Glempang, Sokanegara, Kec. Purwokerto Tim., Kabupaten Banyumas, Jawa Tengah 53115, Indonesia",-7.413964,109.23762409999998,7,0,7,Positif,0.0575849823653698,0.9424149394035339,"rasa enak/gurih, harga terjangkau, porsi kurang","&bull; Beneran Otentik.. Enak, lezat, Mantafff, speechless lah pokoke<br>&bull; Capcay goreng ❤️❤️❤️❤️❤️ Mie ayam ❤️❤️❤️❤️🖤 Bakso ❤️🖤🖤🖤🖤 Next: Nasgor?<br>&bull; Mie ayam bangka manis atau asin gurih.. Mantap",0.0,1.0,Sedang,10.820652884342099,Positif
ChIJCX2Wf_hfZS4RpLvHAcHDvpQ,Bakso Daging Sapi Pak Giman Pasar Manis,"H6JG+9QR, Jl. Ps. Manis, Pesayangan, Kedungwuluh, Kec. Purwokerto Bar., Kabupaten Banyumas, Jawa Tengah 53131, Indonesia",-7.4189653,109.2269107,3,0,3,Positif,0.05220301076769829,0.9477970004081726,"tempat nyaman/bersih, harga terjangkau, pelayanan ramah/cepat","&bull; lumanyunnnn<br>&bull; Kuahnya seger, porsinya juga lumayan banyak, tapi ga pake tetelan ya, kayanya ga ada tetelannya, jadi buat pencinta tetelan jangan berharap.. selai...<br>&bull; Hei..yg blm prnah coba wisata kuliner di Pasar Manis, coba dong mampir ke sini.. Ada bakso daging sapi pak Giman jg lho di sini. Rasa baksonya enak...",0.0,1.0,Rendah,8.81051177665153,Perlu review tambahan
ChIJEx1HWsdfZS4Ra7sNiv9fwEA,ceker mercon ngapak,"Jl. Overste Isdiman No.20, Kebondalem, Purwokerto Lor, Kec. Purwokerto Tim., Kabupaten Banyumas, Jawa Tengah 53114, Indonesia",-7.419006200000001,109.2443641,3,0,3,Positif,0.054326459765434265,0.9456735253334045,"rasa enak/gurih, tempat nyaman/bersih","&bull; Menu2 disini cukup banyak dengan menu spesialnya adalah ceker merconnya, rasanya sangat enak dan gurih sekali, bumbu-bumbunya pun meresap sampai ke...<br>&bull; Cekernya bikin segerr<br>&bull; Cukup enak pas di dompet",0.0,1.0,Rendah,8.81051177665153,Perlu review tambahan
ChIJTbCAJABZZS4RQvLMXZZ8zQo,BAKSO & MIE AYAM LA TANZA cabang sumedang,"Gg. Cemp., Kadisari, Sumampir, Kec. Purwokerto Utara, Kabupaten Banyumas, Jawa Tengah 53125, Indonesia",-7.3989062,109.2358174,1,0,1,Positif,0.05875876173377037,0.9412412047386169,rasa enak/gurih,&bull; Mantap betull emang enak👍👍👍👍,0.0,1.0,Rendah,7.2,Perlu review tambahan
ChIJ-eyJhJlpZS4R7o4xn09WWRs,Mie Ayam Mbah Jas,"Jl. Nasional III No.19-23, Tunjung Wetan, Tunjung, Kec. Jatilawang, Kabupaten Banyumas, Jawa Tengah 53174, Indonesia",-7.535501,109.12372,1,1,0,Negatif,0.43030205368995667,0.569697916507721,tema ulasan belum dominan,"&bull; mi nya otentik, bukan mi pasaran, racikan sdnr nih",1.0,0.0,Rendah,7.2,Perlu review tambahan
ChIJ2V_hhiRfZS4Rk5XyKxuCcLA,Mie Ayam Pak Dhe,"Jl. Permadi No.7, Dusun II Pandak, Pandak, Kec. Baturaden, Kabupaten Banyumas, Jawa Tengah 53151, Indonesia",-7.3779111,109.2429119,1,0,1,Positif,0.05293714627623558,0.9470628499984741,rasa enak/gurih,"&bull; Mie nya sangat enak, rasanya sangat khas. Baru pernah makan mie ayam seenak ini, sampe pengen nangis",0.0,1.0,Rendah,7.2,Perlu review tambahan
